generation,id,fitness,species,parent1,parent2
0,362,0.0017268887699347425,2,-1,-1
1,362,0.0017268887699347425,2,-1,-1
2,362,0.0017268887699347425,2,-1,-1
3,1744,0.0023717920830973556,4,826,841
4,2388,1.0,1,1744,1767
