generation,id,fitness,species,parent1,parent2
0,150,157.6744214455901,6,-1,-1
1,150,157.6744214455901,6,-1,-1
2,150,157.6744214455901,6,-1,-1
