generation,id,fitness,species,parent1,parent2
0,115,0.921476196205197,1,-1,-1
1,208,0.9451718213980758,1,115,58
2,208,0.9451718213980758,1,115,58
3,517,0.9591945516667488,1,379,398
4,517,0.9591945516667488,1,379,398
5,832,0.9800664566564907,1,721,692
6,938,0.9932709654435401,1,848,864
