generation,id,fitness,species,parent1,parent2
0,170,0.0014720054463782176,2,-1,-1
1,680,0.0017233183696413069,4,496,336
2,1386,1.0,5,763,951
