generation,id,fitness,species,parent1,parent2
0,53,0.9770284690209575,1,-1,-1
1,53,0.9770284690209575,1,-1,-1
2,392,0.9966589302615293,1,241,181
