generation,id,fitness,species,parent1,parent2
0,82,0.0014694807227698602,3,-1,-1
1,775,0.0017324345230961412,3,272,252
2,775,0.0017324345230961412,4,272,252
3,1887,0.0021571145986052417,5,1440,1440
4,1887,0.0021571145986052417,5,1440,1440
5,2903,0.0023629190489994818,1,1887,2112
6,3382,1.0,1,2903,2903
