generation,id,fitness,species,parent1,parent2
0,135,101.26023133485674,3,-1,-1
1,195,113.42897593013569,6,146,93
2,382,150.10700455224784,6,266,241
3,478,164.54171968306906,6,362,375
4,615,196.4421685912883,6,510,532
