generation,id,novelty,fitness,species,parent1,parent2,num_nodes,num_connections,num_enabled_connections,num_disabled_connections
0,191,50.36208724975586,0.66142279743253,3,-1,-1,3,18,18,0
1,630,61.72754669189453,0.7990794318907455,2,131,4,3,18,18,0
2,1065,51.15961456298828,0.6774095206184475,5,372,736,3,18,18,0
3,1752,51.97297668457031,0.6919852469281195,1,817,589,3,19,19,0
4,2123,77.48046875,1.0,1,817,1802,2,11,11,0
