generation,id,novelty,fitness,species,parent1,parent2,num_nodes,num_connections,num_enabled_connections,num_disabled_connections
0,224,82.28704071044922,0.4817748772005714,1,-1,-1,3,18,18,0
1,694,82.68778991699219,0.48260676898504495,2,39,224,3,18,18,0
2,1183,82.7804946899414,0.4831925826183837,5,512,964,3,18,18,0
3,1730,82.69346618652344,0.4843863674335607,1,507,1137,3,19,19,0
4,2167,82.50952911376953,0.48446619858225126,2,1817,1881,2,11,11,0
